chain, residue_label, residue_name, score, zscore, probability, pocket
A,    2, PHE,  1.2846,   0.3366,   0.2205, 3
A,    3, GLU,  0.0287,  -0.3635,   0.0006, 0
A,    4, ALA,  0.4996,  -0.1010,   0.0359, 0
A,    5, ARG,  0.0423,  -0.3559,   0.0009, 0
A,    6, LEU,  0.0370,  -0.3588,   0.0008, 0
A,    7, VAL,  0.0391,  -0.3577,   0.0008, 0
A,    8, GLN,  0.0601,  -0.3460,   0.0012, 0
A,    9, GLY,  0.0022,  -0.3782,   0.0003, 0
A,   10, SER,  0.0632,  -0.3442,   0.0013, 0
A,   11, ILE,  0.0351,  -0.3599,   0.0007, 0
A,   12, LEU,  1.0219,   0.1901,   0.1469, 0
A,   13, LYS,  0.1529,  -0.2942,   0.0045, 0
A,   14, LYS,  0.1155,  -0.3151,   0.0029, 0
A,   15, VAL,  0.0976,  -0.3251,   0.0023, 0
A,   16, LEU,  0.0834,  -0.3330,   0.0018, 0
A,   17, GLU,  0.2353,  -0.2483,   0.0091, 0
A,   18, ALA,  0.0153,  -0.3709,   0.0004, 0
A,   19, LEU,  0.0834,  -0.3330,   0.0018, 0
A,   20, LYS,  0.2424,  -0.2444,   0.0096, 0
A,   21, ASP,  0.0553,  -0.3486,   0.0011, 0
A,   22, LEU,  0.0414,  -0.3564,   0.0008, 0
A,   23, ILE,  0.1211,  -0.3119,   0.0031, 0
A,   24, ASN,  0.0273,  -0.3643,   0.0006, 0
A,   25, GLU,  0.1448,  -0.2987,   0.0041, 0
A,   26, ALA,  0.0796,  -0.3351,   0.0017, 0
A,   27, CYS,  0.3120,  -0.2055,   0.0150, 0
A,   28, TRP,  1.5582,   0.4891,   0.2989, 3
A,   29, ASP,  0.5534,  -0.0710,   0.0438, 0
A,   30, ILE,  1.0795,   0.2222,   0.1625, 3
A,   31, SER,  0.3140,  -0.2044,   0.0152, 0
A,   32, SER,  0.0285,  -0.3636,   0.0006, 0
A,   33, SER,  0.4872,  -0.1079,   0.0342, 0
A,   34, GLY,  0.4491,  -0.1291,   0.0293, 0
A,   35, VAL,  1.6866,   0.5606,   0.3339, 3
A,   36, ASN,  0.8476,   0.0930,   0.1023, 0
A,   37, LEU,  0.2601,  -0.2345,   0.0108, 0
A,   38, GLN,  0.6399,  -0.0228,   0.0582, 0
A,   39, SER,  0.2174,  -0.2583,   0.0079, 0
A,   40, MET,  0.7432,   0.0348,   0.0787, 0
A,   41, ASP,  0.1823,  -0.2778,   0.0059, 0
A,   42, SER,  0.0619,  -0.3449,   0.0013, 0
A,   43, SER,  0.1267,  -0.3088,   0.0033, 0
A,   44, HIS,  0.1280,  -0.3081,   0.0034, 0
A,   45, VAL,  0.3540,  -0.1822,   0.0188, 0
A,   46, SER,  0.4217,  -0.1444,   0.0260, 0
A,   47, LEU,  0.9721,   0.1624,   0.1337, 0
A,   48, VAL,  0.0008,  -0.3790,   0.0002, 0
A,   49, GLN,  0.4672,  -0.1191,   0.0315, 0
A,   50, LEU,  0.3840,  -0.1654,   0.0219, 0
A,   51, THR,  0.6830,   0.0013,   0.0663, 0
A,   52, LEU,  0.9463,   0.1480,   0.1269, 0
A,   53, ARG,  0.6293,  -0.0287,   0.0564, 0
A,   54, SER,  0.0793,  -0.3352,   0.0017, 0
A,   55, GLU,  0.0568,  -0.3478,   0.0012, 0
A,   56, GLY,  0.0452,  -0.3543,   0.0009, 0
A,   57, PHE,  0.8548,   0.0970,   0.1040, 3
A,   58, ASP,  0.0528,  -0.3501,   0.0011, 0
A,   59, THR,  0.0302,  -0.3626,   0.0006, 0
A,   60, TYR,  0.0428,  -0.3556,   0.0009, 0
A,   61, ARG,  0.0489,  -0.3522,   0.0010, 0
A,   62, CYS,  0.0322,  -0.3615,   0.0007, 0
A,   63, ASP,  0.0236,  -0.3663,   0.0005, 0
A,   64, ARG,  0.0478,  -0.3528,   0.0010, 0
A,   65, ASN,  0.0641,  -0.3437,   0.0013, 0
A,   66, LEU,  0.1648,  -0.2876,   0.0050, 0
A,   67, ALA,  0.2515,  -0.2393,   0.0102, 0
A,   68, MET,  1.1070,   0.2376,   0.1701, 3
A,   69, GLY,  0.0295,  -0.3630,   0.0006, 0
A,   70, VAL,  0.0027,  -0.3780,   0.0003, 0
A,   71, ASN,  0.0463,  -0.3536,   0.0009, 0
A,   72, LEU,  0.1052,  -0.3208,   0.0025, 0
A,   73, THR,  0.0661,  -0.3426,   0.0014, 0
A,   74, SER,  0.0635,  -0.3440,   0.0013, 0
A,   75, MET,  1.2556,   0.3204,   0.2122, 0
A,   76, SER,  0.2137,  -0.2603,   0.0077, 0
A,   77, LYS,  0.2702,  -0.2289,   0.0116, 0
A,   78, ILE,  0.0106,  -0.3735,   0.0004, 0
A,   79, LEU,  0.0000,  -0.3795,   0.0002, 0
A,   80, LYS,  0.4731,  -0.1157,   0.0323, 0
A,   81, CYS,  0.3372,  -0.1915,   0.0173, 5
A,   82, ALA,  0.2621,  -0.2334,   0.0110, 5
A,   83, GLY,  0.2754,  -0.2260,   0.0120, 5
A,   84, ASN,  0.2139,  -0.2602,   0.0077, 0
A,   85, GLU,  0.0274,  -0.3642,   0.0006, 0
A,   86, ASP,  0.2401,  -0.2456,   0.0094, 5
A,   87, ILE,  0.0233,  -0.3665,   0.0005, 0
A,   88, ILE,  0.0022,  -0.3782,   0.0003, 0
A,   89, THR,  0.0218,  -0.3673,   0.0005, 0
A,   90, LEU,  1.2799,   0.3340,   0.2191, 3
A,   91, ARG,  0.1260,  -0.3092,   0.0033, 0
A,   92, ALA,  0.0106,  -0.3735,   0.0004, 0
A,   93, GLU,  0.0173,  -0.3698,   0.0005, 0
A,   97, ASP,  0.0490,  -0.3521,   0.0010, 0
A,   98, THR,  0.0176,  -0.3696,   0.0005, 0
A,   99, LEU,  0.7585,   0.0433,   0.0819, 0
A,  100, ALA,  0.0345,  -0.3602,   0.0007, 0
A,  101, LEU,  0.0262,  -0.3649,   0.0006, 0
A,  102, VAL,  0.0679,  -0.3416,   0.0014, 0
A,  103, PHE,  0.0566,  -0.3479,   0.0012, 0
A,  104, GLU,  0.0845,  -0.3324,   0.0019, 0
A,  105, ALA,  0.0348,  -0.3601,   0.0007, 5
A,  110, LYS,  0.3214,  -0.2003,   0.0158, 5
A,  111, VAL,  0.0671,  -0.3421,   0.0014, 0
A,  112, SER,  0.0812,  -0.3342,   0.0018, 5
A,  113, ASP,  0.1207,  -0.3122,   0.0031, 0
A,  114, TYR,  0.0992,  -0.3242,   0.0023, 0
A,  115, GLU,  0.0568,  -0.3478,   0.0012, 0
A,  116, MET,  0.0284,  -0.3636,   0.0006, 0
A,  117, LYS,  0.0386,  -0.3579,   0.0008, 0
A,  118, LEU,  0.0432,  -0.3554,   0.0009, 0
A,  119, MET,  0.0702,  -0.3403,   0.0015, 0
A,  120, ASP,  0.0382,  -0.3582,   0.0008, 0
A,  121, LEU,  0.1756,  -0.2816,   0.0055, 0
A,  122, ASP,  0.2259,  -0.2535,   0.0085, 0
A,  123, VAL,  0.4348,  -0.1371,   0.0276, 0
A,  124, GLU,  0.2371,  -0.2473,   0.0092, 0
A,  125, GLN,  0.4182,  -0.1464,   0.0256, 0
A,  126, LEU,  0.4513,  -0.1279,   0.0296, 0
A,  127, GLY,  0.2371,  -0.2473,   0.0092, 0
A,  128, ILE,  1.4812,   0.4461,   0.2773, 0
A,  129, PRO,  0.8453,   0.0917,   0.1018, 0
A,  130, GLU,  0.6610,  -0.0110,   0.0621, 0
A,  131, GLN,  0.9592,   0.1552,   0.1302, 0
A,  132, GLU,  0.0497,  -0.3517,   0.0010, 0
A,  133, TYR,  1.6082,   0.5170,   0.3125, 0
A,  134, SER,  0.0264,  -0.3648,   0.0006, 0
A,  135, CYS,  0.0013,  -0.3787,   0.0002, 0
A,  136, VAL,  0.8944,   0.1191,   0.1137, 0
A,  137, VAL,  0.5243,  -0.0872,   0.0394, 0
A,  138, LYS,  0.0913,  -0.3286,   0.0021, 0
A,  139, MET,  0.0530,  -0.3499,   0.0011, 0
A,  140, PRO,  0.1803,  -0.2789,   0.0058, 0
A,  141, SER,  0.1775,  -0.2805,   0.0056, 0
A,  142, GLY,  0.1794,  -0.2794,   0.0057, 0
A,  143, GLU,  0.4601,  -0.1230,   0.0306, 6
A,  144, PHE,  0.4291,  -0.1403,   0.0269, 0
A,  145, ALA,  0.1079,  -0.3193,   0.0026, 0
A,  146, ARG,  0.3898,  -0.1622,   0.0225, 6
A,  147, ILE,  0.4608,  -0.1226,   0.0307, 0
A,  148, CYS,  0.4370,  -0.1359,   0.0279, 0
A,  149, ARG,  0.2255,  -0.2538,   0.0084, 0
A,  150, ASP,  0.1230,  -0.3109,   0.0032, 0
A,  151, LEU,  0.2905,  -0.2175,   0.0132, 0
A,  152, SER,  0.0831,  -0.3331,   0.0018, 0
A,  153, HIS,  0.2862,  -0.2199,   0.0128, 0
A,  154, ILE,  0.0280,  -0.3639,   0.0006, 0
A,  155, GLY,  0.0274,  -0.3642,   0.0006, 0
A,  156, ASP,  0.0938,  -0.3272,   0.0021, 0
A,  157, ALA,  0.0417,  -0.3562,   0.0008, 0
A,  158, VAL,  0.4460,  -0.1308,   0.0289, 0
A,  159, VAL,  0.0711,  -0.3398,   0.0015, 0
A,  160, ILE,  0.4288,  -0.1405,   0.0269, 0
A,  161, SER,  0.1039,  -0.3216,   0.0025, 0
A,  162, CYS,  0.0828,  -0.3333,   0.0018, 0
A,  163, ALA,  0.1167,  -0.3144,   0.0029, 0
A,  164, LYS,  0.0706,  -0.3401,   0.0015, 0
A,  167, VAL,  0.1056,  -0.3206,   0.0025, 0
A,  168, LYS,  0.1599,  -0.2903,   0.0048, 0
A,  169, PHE,  0.4263,  -0.1419,   0.0266, 0
A,  170, SER,  0.0783,  -0.3358,   0.0017, 0
A,  171, ALA,  0.0535,  -0.3496,   0.0011, 0
A,  172, SER,  0.0585,  -0.3468,   0.0012, 0
A,  173, GLY,  0.0191,  -0.3688,   0.0005, 0
A,  174, GLU,  0.0424,  -0.3558,   0.0009, 0
A,  175, LEU,  0.0499,  -0.3517,   0.0010, 0
A,  176, GLY,  0.0346,  -0.3602,   0.0007, 0
A,  177, ASN,  0.0493,  -0.3520,   0.0010, 0
A,  178, GLY,  0.0352,  -0.3598,   0.0007, 0
A,  179, ASN,  0.0785,  -0.3357,   0.0017, 0
A,  180, ILE,  0.0019,  -0.3784,   0.0003, 0
A,  181, LYS,  0.1237,  -0.3105,   0.0032, 0
A,  182, LEU,  0.1432,  -0.2996,   0.0040, 0
A,  183, SER,  0.0924,  -0.3280,   0.0021, 0
A,  184, GLN,  0.0209,  -0.3678,   0.0005, 0
A,  193, GLU,  0.1084,  -0.3190,   0.0026, 0
A,  194, ALA,  0.0762,  -0.3370,   0.0016, 0
A,  195, VAL,  0.0742,  -0.3381,   0.0016, 0
A,  196, THR,  0.0188,  -0.3690,   0.0005, 0
A,  197, ILE,  0.0191,  -0.3688,   0.0005, 0
A,  198, GLU,  0.1051,  -0.3209,   0.0025, 0
A,  199, MET,  0.0231,  -0.3666,   0.0005, 0
A,  200, ASN,  0.0259,  -0.3650,   0.0006, 0
A,  201, GLU,  0.0315,  -0.3619,   0.0007, 0
A,  202, PRO,  0.0220,  -0.3672,   0.0005, 0
A,  203, VAL,  0.0231,  -0.3666,   0.0005, 0
A,  204, GLN,  0.0591,  -0.3465,   0.0012, 0
A,  205, LEU,  0.0290,  -0.3633,   0.0006, 0
A,  206, THR,  0.0725,  -0.3390,   0.0015, 0
A,  207, PHE,  0.1821,  -0.2779,   0.0059, 0
A,  208, ALA,  0.2078,  -0.2636,   0.0073, 0
A,  209, LEU,  0.4966,  -0.1027,   0.0354, 0
A,  210, ARG,  0.3339,  -0.1933,   0.0170, 0
A,  211, TYR,  0.2605,  -0.2343,   0.0109, 0
A,  212, LEU,  0.4263,  -0.1419,   0.0266, 0
A,  213, ASN,  0.0923,  -0.3280,   0.0021, 0
A,  214, PHE,  0.1123,  -0.3169,   0.0028, 0
A,  215, PHE,  0.0000,  -0.3795,   0.0002, 0
A,  216, THR,  0.0811,  -0.3342,   0.0018, 0
A,  217, LYS,  0.0958,  -0.3261,   0.0022, 0
A,  218, ALA,  0.0452,  -0.3543,   0.0009, 0
A,  219, THR,  0.2202,  -0.2567,   0.0081, 0
A,  220, PRO,  0.1712,  -0.2840,   0.0053, 0
A,  221, LEU,  0.0820,  -0.3338,   0.0018, 0
A,  222, SER,  0.1641,  -0.2880,   0.0050, 0
A,  223, SER,  0.1677,  -0.2860,   0.0051, 0
A,  224, THR,  0.1007,  -0.3233,   0.0024, 0
A,  225, VAL,  0.0304,  -0.3625,   0.0006, 0
A,  226, THR,  0.9594,   0.1553,   0.1303, 0
A,  227, LEU,  0.7437,   0.0351,   0.0788, 0
A,  228, SER,  1.6078,   0.5167,   0.3124, 0
A,  229, MET,  0.0000,  -0.3795,   0.0002, 0
A,  230, SER,  0.0247,  -0.3657,   0.0006, 0
A,  231, ALA,  0.0334,  -0.3608,   0.0007, 0
A,  232, ASP,  0.0658,  -0.3428,   0.0014, 0
A,  233, VAL,  0.5393,  -0.0789,   0.0417, 0
A,  234, PRO,  1.2538,   0.3194,   0.2116, 0
A,  235, LEU,  0.2511,  -0.2395,   0.0102, 0
A,  236, VAL,  1.6181,   0.5225,   0.3152, 0
A,  237, VAL,  0.0000,  -0.3795,   0.0002, 0
A,  238, GLU,  1.5268,   0.4716,   0.2901, 0
A,  239, TYR,  0.0000,  -0.3795,   0.0002, 0
A,  240, LYS,  0.2102,  -0.2623,   0.0075, 0
A,  241, ILE,  0.0431,  -0.3554,   0.0009, 0
A,  242, ALA,  0.0529,  -0.3500,   0.0011, 0
A,  243, ASP,  0.0443,  -0.3548,   0.0009, 0
A,  244, MET,  0.1311,  -0.3064,   0.0035, 0
A,  245, GLY,  0.2142,  -0.2601,   0.0077, 0
A,  246, HIS,  0.4308,  -0.1393,   0.0271, 0
A,  247, LEU,  0.0000,  -0.3795,   0.0002, 0
A,  248, LYS,  1.2647,   0.3255,   0.2148, 0
A,  249, TYR,  0.0000,  -0.3795,   0.0002, 0
A,  250, TYR,  1.9951,   0.7326,   0.4123, 0
A,  251, LEU,  0.6177,  -0.0351,   0.0543, 0
A,  252, ALA,  0.3827,  -0.1662,   0.0217, 0
A,  253, PRO,  0.2429,  -0.2441,   0.0096, 0
A,  254, LYS,  0.1448,  -0.2987,   0.0041, 0
B,    1, MET,  0.0312,  -0.3621,   0.0007, 0
B,    2, PHE,  1.4928,   0.4526,   0.2806, 0
B,    3, GLU,  0.0381,  -0.3582,   0.0008, 0
B,    4, ALA,  0.6011,  -0.0444,   0.0515, 0
B,    5, ARG,  0.0476,  -0.3529,   0.0010, 0
B,    6, LEU,  0.3475,  -0.1858,   0.0182, 0
B,    7, VAL,  0.0390,  -0.3577,   0.0008, 0
B,    8, GLN,  0.0699,  -0.3405,   0.0015, 0
B,    9, GLY,  0.0021,  -0.3783,   0.0003, 0
B,   10, SER,  0.0611,  -0.3454,   0.0013, 0
B,   11, ILE,  0.0743,  -0.3380,   0.0016, 0
B,   12, LEU,  1.4924,   0.4524,   0.2805, 2
B,   13, LYS,  0.1048,  -0.3210,   0.0025, 0
B,   14, LYS,  0.0875,  -0.3307,   0.0019, 0
B,   15, VAL,  0.0028,  -0.3779,   0.0003, 0
B,   16, LEU,  0.4888,  -0.1070,   0.0344, 0
B,   17, GLU,  0.0645,  -0.3435,   0.0013, 0
B,   18, ALA,  0.0059,  -0.3762,   0.0003, 0
B,   19, LEU,  0.0000,  -0.3795,   0.0002, 0
B,   20, LYS,  0.0389,  -0.3578,   0.0008, 0
B,   21, ASP,  0.0849,  -0.3321,   0.0019, 0
B,   22, LEU,  0.0444,  -0.3547,   0.0009, 0
B,   23, ILE,  0.0654,  -0.3430,   0.0014, 0
B,   24, ASN,  0.0510,  -0.3510,   0.0010, 0
B,   25, GLU,  0.1343,  -0.3046,   0.0036, 0
B,   26, ALA,  0.0875,  -0.3307,   0.0019, 0
B,   27, CYS,  0.2025,  -0.2666,   0.0070, 0
B,   28, TRP,  1.5263,   0.4713,   0.2900, 2
B,   29, ASP,  0.2123,  -0.2611,   0.0076, 0
B,   30, ILE,  0.7074,   0.0149,   0.0712, 0
B,   31, SER,  0.2189,  -0.2574,   0.0080, 0
B,   32, SER,  0.0546,  -0.3490,   0.0011, 0
B,   33, SER,  0.2555,  -0.2371,   0.0105, 0
B,   34, GLY,  0.2283,  -0.2522,   0.0086, 0
B,   35, VAL,  1.6881,   0.5615,   0.3343, 2
B,   36, ASN,  0.6566,  -0.0135,   0.0612, 0
B,   37, LEU,  0.0000,  -0.3795,   0.0002, 0
B,   38, GLN,  0.4804,  -0.1117,   0.0333, 0
B,   39, SER,  0.2445,  -0.2432,   0.0097, 0
B,   40, MET,  0.7520,   0.0397,   0.0805, 0
B,   41, ASP,  0.1617,  -0.2893,   0.0049, 0
B,   42, SER,  0.0980,  -0.3248,   0.0023, 0
B,   43, SER,  0.1109,  -0.3176,   0.0027, 0
B,   44, HIS,  0.1556,  -0.2927,   0.0046, 0
B,   45, VAL,  0.3148,  -0.2040,   0.0152, 0
B,   46, SER,  0.3213,  -0.2004,   0.0158, 0
B,   47, LEU,  0.6903,   0.0053,   0.0677, 0
B,   48, VAL,  0.0000,  -0.3795,   0.0002, 0
B,   49, GLN,  0.7339,   0.0296,   0.0767, 0
B,   50, LEU,  0.5083,  -0.0961,   0.0371, 0
B,   51, THR,  0.7579,   0.0430,   0.0818, 0
B,   52, LEU,  1.4084,   0.4056,   0.2563, 2
B,   53, ARG,  0.6261,  -0.0304,   0.0558, 0
B,   54, SER,  0.0735,  -0.3385,   0.0016, 0
B,   55, GLU,  0.0419,  -0.3561,   0.0009, 0
B,   56, GLY,  0.0392,  -0.3576,   0.0008, 0
B,   57, PHE,  1.2498,   0.3172,   0.2105, 2
B,   58, ASP,  0.0460,  -0.3538,   0.0009, 0
B,   59, THR,  0.0378,  -0.3584,   0.0008, 0
B,   60, TYR,  0.3895,  -0.1624,   0.0224, 0
B,   61, ARG,  0.0991,  -0.3242,   0.0023, 0
B,   62, CYS,  0.0351,  -0.3599,   0.0007, 0
B,   63, ASP,  0.0570,  -0.3477,   0.0012, 0
B,   64, ARG,  0.1285,  -0.3078,   0.0034, 0
B,   65, ASN,  0.0789,  -0.3355,   0.0017, 0
B,   66, LEU,  0.4029,  -0.1549,   0.0239, 0
B,   67, ALA,  0.4184,  -0.1462,   0.0256, 0
B,   68, MET,  0.9227,   0.1348,   0.1210, 0
B,   69, GLY,  0.2770,  -0.2251,   0.0121, 0
B,   70, VAL,  0.0450,  -0.3544,   0.0009, 0
B,   71, ASN,  0.0462,  -0.3537,   0.0009, 0
B,   72, LEU,  0.0088,  -0.3745,   0.0003, 0
B,   73, THR,  0.0473,  -0.3531,   0.0010, 0
B,   74, SER,  0.0477,  -0.3529,   0.0010, 0
B,   75, MET,  1.3137,   0.3528,   0.2289, 0
B,   76, SER,  0.0497,  -0.3518,   0.0010, 0
B,   77, LYS,  0.2226,  -0.2554,   0.0082, 0
B,   78, ILE,  0.0136,  -0.3719,   0.0004, 0
B,   79, LEU,  0.0207,  -0.3680,   0.0005, 0
B,   80, LYS,  0.3083,  -0.2076,   0.0147, 0
B,   81, CYS,  0.2138,  -0.2603,   0.0077, 0
B,   82, ALA,  0.3043,  -0.2098,   0.0143, 6
B,   84, ASN,  0.1188,  -0.3132,   0.0030, 0
B,   85, GLU,  0.2979,  -0.2134,   0.0138, 6
B,   86, ASP,  0.3160,  -0.2033,   0.0153, 6
B,   87, ILE,  0.0222,  -0.3671,   0.0005, 0
B,   88, ILE,  0.0000,  -0.3795,   0.0002, 0
B,   89, THR,  0.0340,  -0.3605,   0.0007, 0
B,   90, LEU,  1.4875,   0.4497,   0.2791, 2
B,   91, ARG,  0.1260,  -0.3093,   0.0033, 0
B,   92, ALA,  0.0861,  -0.3315,   0.0019, 0
B,   93, GLU,  0.1265,  -0.3089,   0.0033, 0
B,   94, ASP,  0.0345,  -0.3602,   0.0007, 0
B,   95, ASN,  0.1214,  -0.3118,   0.0031, 0
B,   96, ALA,  0.2319,  -0.2502,   0.0088, 0
B,   97, ASP,  0.1489,  -0.2965,   0.0043, 0
B,   98, THR,  0.0853,  -0.3319,   0.0019, 0
B,   99, LEU,  0.3078,  -0.2079,   0.0146, 0
B,  100, ALA,  0.0765,  -0.3368,   0.0016, 0
B,  101, LEU,  0.0513,  -0.3509,   0.0010, 0
B,  102, VAL,  0.1040,  -0.3215,   0.0025, 0
B,  103, PHE,  0.0000,  -0.3795,   0.0002, 0
B,  104, GLU,  0.1266,  -0.3089,   0.0033, 0
B,  105, ALA,  0.2622,  -0.2333,   0.0110, 6
B,  106, PRO,  0.1085,  -0.3190,   0.0026, 0
B,  107, ASN,  0.1006,  -0.3234,   0.0024, 6
B,  108, GLN,  0.0203,  -0.3681,   0.0005, 0
B,  109, GLU,  0.0892,  -0.3297,   0.0020, 0
B,  110, LYS,  0.3714,  -0.1725,   0.0205, 6
B,  111, VAL,  0.0405,  -0.3569,   0.0008, 0
B,  112, SER,  0.0759,  -0.3372,   0.0016, 0
B,  113, ASP,  0.1161,  -0.3147,   0.0029, 0
B,  114, TYR,  0.0604,  -0.3458,   0.0012, 0
B,  115, GLU,  0.0959,  -0.3260,   0.0022, 0
B,  116, MET,  0.0273,  -0.3643,   0.0006, 0
B,  117, LYS,  0.0359,  -0.3595,   0.0007, 0
B,  118, LEU,  0.2710,  -0.2284,   0.0116, 0
B,  119, MET,  0.2420,  -0.2446,   0.0096, 0
B,  120, ASP,  0.1000,  -0.3237,   0.0023, 0
B,  121, LEU,  0.2445,  -0.2432,   0.0097, 0
B,  122, ASP,  0.1469,  -0.2976,   0.0042, 0
B,  123, VAL,  0.2481,  -0.2412,   0.0100, 0
B,  124, GLU,  0.1083,  -0.3191,   0.0026, 0
B,  125, GLN,  0.2538,  -0.2380,   0.0104, 0
B,  126, LEU,  0.4226,  -0.1439,   0.0261, 0
B,  127, GLY,  0.1878,  -0.2748,   0.0062, 0
B,  128, ILE,  1.4658,   0.4376,   0.2729, 0
B,  129, PRO,  0.7513,   0.0393,   0.0804, 0
B,  130, GLU,  0.1477,  -0.2971,   0.0042, 0
B,  131, GLN,  0.7433,   0.0349,   0.0787, 0
B,  132, GLU,  0.0589,  -0.3467,   0.0012, 0
B,  133, TYR,  1.2446,   0.3143,   0.2090, 0
B,  134, SER,  0.0227,  -0.3668,   0.0005, 0
B,  135, CYS,  0.4316,  -0.1389,   0.0272, 0
B,  136, VAL,  1.0059,   0.1812,   0.1425, 0
B,  137, VAL,  0.5271,  -0.0857,   0.0399, 0
B,  138, LYS,  0.0819,  -0.3338,   0.0018, 0
B,  139, MET,  0.4415,  -0.1334,   0.0284, 0
B,  140, PRO,  0.1024,  -0.3224,   0.0024, 0
B,  141, SER,  0.0938,  -0.3272,   0.0021, 0
B,  142, GLY,  0.1093,  -0.3185,   0.0027, 0
B,  143, GLU,  0.4983,  -0.1017,   0.0357, 0
B,  144, PHE,  0.0005,  -0.3792,   0.0002, 0
B,  145, ALA,  0.0961,  -0.3259,   0.0022, 0
B,  146, ARG,  0.7286,   0.0266,   0.0757, 0
B,  147, ILE,  0.0664,  -0.3424,   0.0014, 0
B,  148, CYS,  0.0259,  -0.3651,   0.0006, 0
B,  149, ARG,  1.0136,   0.1855,   0.1446, 0
B,  150, ASP,  0.8870,   0.1149,   0.1119, 0
B,  151, LEU,  0.0417,  -0.3562,   0.0008, 0
B,  152, SER,  0.0823,  -0.3336,   0.0018, 0
B,  153, HIS,  0.7974,   0.0650,   0.0906, 0
B,  154, ILE,  0.0646,  -0.3434,   0.0013, 0
B,  155, GLY,  0.0338,  -0.3606,   0.0007, 0
B,  156, ASP,  0.0476,  -0.3529,   0.0010, 0
B,  157, ALA,  0.0318,  -0.3617,   0.0007, 0
B,  158, VAL,  0.0254,  -0.3653,   0.0006, 0
B,  159, VAL,  0.0465,  -0.3536,   0.0009, 0
B,  160, ILE,  0.4331,  -0.1380,   0.0274, 0
B,  161, SER,  0.5428,  -0.0769,   0.0422, 0
B,  162, CYS,  0.5986,  -0.0458,   0.0511, 0
B,  167, VAL,  0.5964,  -0.0470,   0.0507, 0
B,  168, LYS,  0.1847,  -0.2765,   0.0060, 0
B,  169, PHE,  0.4279,  -0.1409,   0.0268, 0
B,  170, SER,  0.0372,  -0.3587,   0.0008, 0
B,  171, ALA,  0.0281,  -0.3638,   0.0006, 0
B,  172, SER,  0.0399,  -0.3572,   0.0008, 0
B,  173, GLY,  0.0231,  -0.3666,   0.0005, 0
B,  174, GLU,  0.0566,  -0.3479,   0.0012, 0
B,  175, LEU,  0.0637,  -0.3439,   0.0013, 0
B,  176, GLY,  0.0228,  -0.3667,   0.0005, 0
B,  177, ASN,  0.0283,  -0.3637,   0.0006, 0
B,  178, GLY,  0.0151,  -0.3710,   0.0004, 0
B,  179, ASN,  0.0624,  -0.3447,   0.0013, 0
B,  180, ILE,  0.0013,  -0.3787,   0.0002, 0
B,  181, LYS,  0.1795,  -0.2794,   0.0057, 0
B,  182, LEU,  0.1153,  -0.3152,   0.0029, 0
B,  183, SER,  0.1233,  -0.3107,   0.0032, 0
B,  184, GLN,  0.2097,  -0.2626,   0.0074, 0
B,  185, THR,  0.1691,  -0.2852,   0.0052, 0
B,  194, ALA,  0.0804,  -0.3346,   0.0018, 0
B,  195, VAL,  0.0625,  -0.3446,   0.0013, 0
B,  196, THR,  0.0282,  -0.3637,   0.0006, 0
B,  197, ILE,  0.1086,  -0.3189,   0.0026, 0
B,  198, GLU,  0.1067,  -0.3200,   0.0026, 0
B,  199, MET,  0.1306,  -0.3066,   0.0035, 0
B,  200, ASN,  0.0169,  -0.3701,   0.0004, 0
B,  201, GLU,  0.0257,  -0.3651,   0.0006, 0
B,  202, PRO,  0.0252,  -0.3654,   0.0006, 0
B,  203, VAL,  0.0266,  -0.3646,   0.0006, 0
B,  204, GLN,  0.0421,  -0.3560,   0.0009, 0
B,  205, LEU,  0.0167,  -0.3702,   0.0004, 0
B,  206, THR,  0.0436,  -0.3552,   0.0009, 0
B,  207, PHE,  0.0178,  -0.3696,   0.0005, 0
B,  208, ALA,  0.1203,  -0.3124,   0.0031, 0
B,  209, LEU,  0.0554,  -0.3486,   0.0011, 0
B,  210, ARG,  0.2267,  -0.2531,   0.0085, 0
B,  211, TYR,  0.2000,  -0.2680,   0.0069, 0
B,  212, LEU,  0.0000,  -0.3795,   0.0002, 0
B,  213, ASN,  0.1036,  -0.3217,   0.0025, 0
B,  214, PHE,  0.1234,  -0.3107,   0.0032, 0
B,  215, PHE,  0.0000,  -0.3795,   0.0002, 0
B,  216, THR,  0.0906,  -0.3289,   0.0020, 0
B,  217, LYS,  0.0802,  -0.3348,   0.0017, 0
B,  218, ALA,  0.0196,  -0.3685,   0.0005, 0
B,  219, THR,  0.1117,  -0.3172,   0.0027, 0
B,  220, PRO,  0.1351,  -0.3042,   0.0037, 0
B,  221, LEU,  0.0875,  -0.3307,   0.0019, 0
B,  222, SER,  0.1158,  -0.3149,   0.0029, 0
B,  223, SER,  0.1104,  -0.3179,   0.0027, 0
B,  224, THR,  0.0920,  -0.3282,   0.0021, 0
B,  225, VAL,  0.0103,  -0.3737,   0.0004, 0
B,  226, THR,  0.5087,  -0.0959,   0.0371, 0
B,  227, LEU,  0.6330,  -0.0266,   0.0570, 0
B,  228, SER,  0.9590,   0.1551,   0.1302, 0
B,  229, MET,  0.4278,  -0.1410,   0.0268, 0
B,  230, SER,  0.0247,  -0.3657,   0.0006, 0
B,  231, ALA,  0.0577,  -0.3473,   0.0012, 0
B,  232, ASP,  0.1023,  -0.3225,   0.0024, 0
B,  233, VAL,  0.5946,  -0.0480,   0.0504, 0
B,  234, PRO,  1.1280,   0.2493,   0.1760, 0
B,  235, LEU,  0.2547,  -0.2375,   0.0104, 0
B,  236, VAL,  1.0464,   0.2038,   0.1534, 0
B,  237, VAL,  0.0000,  -0.3795,   0.0002, 0
B,  238, GLU,  0.9715,   0.1620,   0.1335, 0
B,  239, TYR,  0.0107,  -0.3735,   0.0004, 0
B,  240, LYS,  0.1104,  -0.3179,   0.0027, 0
B,  241, ILE,  0.0598,  -0.3461,   0.0012, 0
B,  242, ALA,  0.0883,  -0.3302,   0.0020, 0
B,  243, ASP,  0.0562,  -0.3481,   0.0012, 0
B,  244, MET,  0.2307,  -0.2509,   0.0088, 0
B,  245, GLY,  0.0309,  -0.3622,   0.0007, 0
B,  246, HIS,  0.6988,   0.0100,   0.0694, 0
B,  247, LEU,  0.0000,  -0.3795,   0.0002, 0
B,  248, LYS,  1.1704,   0.2729,   0.1880, 0
B,  249, TYR,  0.0000,  -0.3795,   0.0002, 0
B,  250, TYR,  1.5344,   0.4758,   0.2923, 0
B,  251, LEU,  0.3021,  -0.2111,   0.0141, 0
B,  252, ALA,  0.3828,  -0.1661,   0.0217, 0
B,  253, PRO,  0.1599,  -0.2903,   0.0048, 0
C,    2, PHE,  0.7688,   0.0491,   0.0842, 4
C,    3, GLU,  0.0469,  -0.3533,   0.0010, 0
C,    4, ALA,  0.9722,   0.1624,   0.1337, 0
C,    5, ARG,  0.1579,  -0.2914,   0.0047, 0
C,    6, LEU,  0.4366,  -0.1361,   0.0278, 0
C,    7, VAL,  0.0726,  -0.3390,   0.0015, 0
C,    8, GLN,  0.1102,  -0.3180,   0.0027, 0
C,    9, GLY,  0.0024,  -0.3782,   0.0003, 0
C,   10, SER,  0.0565,  -0.3480,   0.0012, 0
C,   11, ILE,  0.0642,  -0.3437,   0.0013, 0
C,   12, LEU,  1.0561,   0.2092,   0.1560, 4
C,   13, LYS,  0.2966,  -0.2142,   0.0137, 0
C,   14, LYS,  0.0877,  -0.3306,   0.0020, 0
C,   15, VAL,  0.0039,  -0.3773,   0.0003, 0
C,   16, LEU,  0.0037,  -0.3774,   0.0003, 0
C,   17, GLU,  0.2835,  -0.2215,   0.0126, 0
C,   18, ALA,  0.0050,  -0.3767,   0.0003, 0
C,   19, LEU,  0.0000,  -0.3795,   0.0002, 0
C,   20, LYS,  0.1078,  -0.3194,   0.0026, 0
C,   21, ASP,  0.1619,  -0.2892,   0.0049, 0
C,   22, LEU,  0.1240,  -0.3103,   0.0032, 0
C,   23, ILE,  0.0956,  -0.3262,   0.0022, 0
C,   24, ASN,  0.0560,  -0.3483,   0.0011, 0
C,   25, GLU,  0.0975,  -0.3251,   0.0023, 0
C,   26, ALA,  0.0480,  -0.3527,   0.0010, 0
C,   27, CYS,  0.0514,  -0.3508,   0.0010, 0
C,   28, TRP,  1.1555,   0.2646,   0.1837, 0
C,   29, ASP,  0.1004,  -0.3235,   0.0023, 0
C,   30, ILE,  0.9989,   0.1773,   0.1406, 4
C,   31, SER,  0.1016,  -0.3228,   0.0024, 0
C,   32, SER,  0.0628,  -0.3445,   0.0013, 0
C,   33, SER,  0.1378,  -0.3027,   0.0038, 0
C,   34, GLY,  0.2652,  -0.2316,   0.0112, 0
C,   35, VAL,  1.2121,   0.2961,   0.1998, 4
C,   36, ASN,  0.2289,  -0.2519,   0.0086, 0
C,   37, LEU,  0.0063,  -0.3759,   0.0003, 0
C,   38, GLN,  0.3829,  -0.1660,   0.0217, 0
C,   39, SER,  0.1286,  -0.3078,   0.0034, 0
C,   40, MET,  0.6230,  -0.0322,   0.0552, 0
C,   41, ASP,  0.1460,  -0.2981,   0.0042, 0
C,   42, SER,  0.1683,  -0.2857,   0.0052, 0
C,   43, SER,  0.2318,  -0.2503,   0.0088, 0
C,   44, HIS,  0.0989,  -0.3244,   0.0023, 0
C,   45, VAL,  0.4053,  -0.1536,   0.0241, 0
C,   46, SER,  0.3498,  -0.1845,   0.0185, 0
C,   47, LEU,  0.6601,  -0.0115,   0.0619, 0
C,   48, VAL,  0.0004,  -0.3793,   0.0002, 0
C,   49, GLN,  0.3890,  -0.1626,   0.0224, 0
C,   50, LEU,  0.1559,  -0.2925,   0.0046, 0
C,   51, THR,  0.5283,  -0.0850,   0.0400, 0
C,   52, LEU,  1.1738,   0.2748,   0.1889, 4
C,   53, ARG,  0.4229,  -0.1437,   0.0262, 0
C,   54, SER,  0.0515,  -0.3508,   0.0010, 0
C,   55, GLU,  0.0595,  -0.3463,   0.0012, 0
C,   56, GLY,  0.0815,  -0.3341,   0.0018, 0
C,   57, PHE,  1.2796,   0.3338,   0.2190, 4
C,   58, ASP,  0.0576,  -0.3473,   0.0012, 0
C,   59, THR,  0.0773,  -0.3364,   0.0017, 0
C,   60, TYR,  0.7410,   0.0336,   0.0782, 0
C,   61, ARG,  0.0877,  -0.3306,   0.0020, 0
C,   62, CYS,  0.0671,  -0.3420,   0.0014, 0
C,   63, ASP,  0.0463,  -0.3537,   0.0009, 0
C,   64, ARG,  0.0622,  -0.3448,   0.0013, 0
C,   65, ASN,  0.0595,  -0.3463,   0.0012, 0
C,   66, LEU,  0.2245,  -0.2543,   0.0084, 0
C,   67, ALA,  0.2632,  -0.2328,   0.0110, 0
C,   68, MET,  0.3868,  -0.1639,   0.0222, 0
C,   69, GLY,  0.1604,  -0.2901,   0.0048, 0
C,   70, VAL,  0.0477,  -0.3529,   0.0010, 0
C,   71, ASN,  0.0944,  -0.3268,   0.0022, 0
C,   72, LEU,  0.0013,  -0.3788,   0.0002, 0
C,   73, THR,  0.0766,  -0.3368,   0.0016, 0
C,   74, SER,  0.0952,  -0.3264,   0.0022, 0
C,   75, MET,  0.3702,  -0.1731,   0.0204, 0
C,   76, SER,  0.1278,  -0.3082,   0.0034, 0
C,   77, LYS,  0.1753,  -0.2818,   0.0055, 0
C,   78, ILE,  0.0763,  -0.3369,   0.0016, 0
C,   79, LEU,  0.1797,  -0.2793,   0.0057, 0
C,   80, LYS,  1.3041,   0.3474,   0.2261, 0
C,   81, CYS,  1.1857,   0.2815,   0.1922, 0
C,   82, ALA,  0.8063,   0.0699,   0.0926, 0
C,   83, GLY,  0.7247,   0.0245,   0.0748, 0
C,   84, ASN,  0.4195,  -0.1456,   0.0258, 0
C,   85, GLU,  0.0581,  -0.3471,   0.0012, 0
C,   86, ASP,  0.6291,  -0.0288,   0.0563, 0
C,   87, ILE,  0.0383,  -0.3581,   0.0008, 0
C,   88, ILE,  0.0679,  -0.3416,   0.0014, 0
C,   89, THR,  0.0947,  -0.3266,   0.0022, 0
C,   90, LEU,  1.2287,   0.3054,   0.2044, 4
C,   91, ARG,  0.1007,  -0.3233,   0.0024, 0
C,   92, ALA,  0.1609,  -0.2898,   0.0048, 0
C,   97, ASP,  0.2360,  -0.2479,   0.0091, 0
C,   98, THR,  0.1397,  -0.3016,   0.0039, 0
C,   99, LEU,  0.0388,  -0.3578,   0.0008, 0
C,  100, ALA,  0.0306,  -0.3624,   0.0007, 0
C,  101, LEU,  0.0097,  -0.3740,   0.0004, 0
C,  102, VAL,  0.0368,  -0.3589,   0.0008, 0
C,  103, PHE,  0.0087,  -0.3746,   0.0003, 0
C,  104, GLU,  0.1460,  -0.2981,   0.0042, 0
C,  105, ALA,  0.2920,  -0.2167,   0.0133, 0
C,  109, GLU,  0.1214,  -0.3118,   0.0031, 0
C,  110, LYS,  0.6875,   0.0037,   0.0672, 0
C,  111, VAL,  0.0344,  -0.3603,   0.0007, 0
C,  112, SER,  0.0134,  -0.3720,   0.0004, 0
C,  113, ASP,  0.0618,  -0.3450,   0.0013, 0
C,  114, TYR,  0.0673,  -0.3420,   0.0014, 0
C,  115, GLU,  0.0364,  -0.3592,   0.0008, 0
C,  116, MET,  0.0219,  -0.3672,   0.0005, 0
C,  117, LYS,  0.0882,  -0.3303,   0.0020, 0
C,  118, LEU,  0.2572,  -0.2361,   0.0106, 0
C,  119, MET,  0.1423,  -0.3002,   0.0040, 0
C,  120, ASP,  0.0796,  -0.3351,   0.0017, 0
C,  121, LEU,  0.1223,  -0.3113,   0.0031, 0
C,  123, VAL,  0.2506,  -0.2398,   0.0102, 0
C,  124, GLU,  0.0955,  -0.3262,   0.0022, 0
C,  125, GLN,  0.1238,  -0.3104,   0.0032, 0
C,  126, LEU,  0.3325,  -0.1941,   0.0168, 0
C,  127, GLY,  0.0476,  -0.3529,   0.0010, 0
C,  128, ILE,  1.0421,   0.2014,   0.1522, 0
C,  129, PRO,  0.6634,  -0.0097,   0.0625, 0
C,  130, GLU,  1.1970,   0.2878,   0.1954, 0
C,  131, GLN,  0.8902,   0.1167,   0.1127, 0
C,  132, GLU,  0.0570,  -0.3477,   0.0012, 0
C,  133, TYR,  1.6257,   0.5267,   0.3173, 0
C,  134, SER,  0.0680,  -0.3415,   0.0014, 0
C,  135, CYS,  0.0105,  -0.3736,   0.0004, 0
C,  136, VAL,  0.8201,   0.0776,   0.0959, 0
C,  137, VAL,  0.2703,  -0.2288,   0.0116, 0
C,  138, LYS,  0.1563,  -0.2923,   0.0046, 0
C,  139, MET,  0.0004,  -0.3792,   0.0002, 0
C,  140, PRO,  0.0549,  -0.3488,   0.0011, 0
C,  141, SER,  0.1075,  -0.3195,   0.0026, 0
C,  142, GLY,  0.1328,  -0.3054,   0.0036, 0
C,  143, GLU,  0.1064,  -0.3202,   0.0026, 0
C,  144, PHE,  0.0011,  -0.3789,   0.0002, 0
C,  145, ALA,  0.1057,  -0.3205,   0.0025, 0
C,  146, ARG,  0.3423,  -0.1887,   0.0178, 5
C,  147, ILE,  0.0396,  -0.3574,   0.0008, 0
C,  148, CYS,  0.0186,  -0.3691,   0.0005, 0
C,  149, ARG,  0.3463,  -0.1864,   0.0181, 0
C,  150, ASP,  0.3225,  -0.1997,   0.0159, 5
C,  151, LEU,  0.0000,  -0.3795,   0.0002, 0
C,  152, SER,  0.0854,  -0.3319,   0.0019, 0
C,  153, HIS,  0.3343,  -0.1931,   0.0170, 0
C,  154, ILE,  0.0724,  -0.3391,   0.0015, 0
C,  155, GLY,  0.0676,  -0.3418,   0.0014, 0
C,  156, ASP,  0.0825,  -0.3335,   0.0018, 0
C,  157, ALA,  0.0691,  -0.3409,   0.0015, 0
C,  158, VAL,  0.0129,  -0.3723,   0.0004, 0
C,  159, VAL,  0.0597,  -0.3462,   0.0012, 0
C,  160, ILE,  0.0033,  -0.3776,   0.0003, 0
C,  161, SER,  0.0615,  -0.3452,   0.0013, 0
C,  162, CYS,  0.0925,  -0.3279,   0.0021, 0
C,  167, VAL,  0.0782,  -0.3359,   0.0017, 0
C,  168, LYS,  0.1601,  -0.2902,   0.0048, 0
C,  169, PHE,  0.0064,  -0.3759,   0.0003, 0
C,  170, SER,  0.0649,  -0.3433,   0.0014, 0
C,  171, ALA,  0.0399,  -0.3572,   0.0008, 0
C,  172, SER,  0.0762,  -0.3370,   0.0016, 0
C,  173, GLY,  0.0604,  -0.3458,   0.0012, 0
C,  174, GLU,  0.0745,  -0.3379,   0.0016, 0
C,  175, LEU,  0.0446,  -0.3546,   0.0009, 0
C,  176, GLY,  0.0171,  -0.3699,   0.0004, 0
C,  177, ASN,  0.0616,  -0.3451,   0.0013, 0
C,  178, GLY,  0.0401,  -0.3571,   0.0008, 0
C,  179, ASN,  0.1363,  -0.3035,   0.0037, 0
C,  180, ILE,  0.0687,  -0.3412,   0.0014, 0
C,  181, LYS,  0.1784,  -0.2800,   0.0057, 0
C,  182, LEU,  0.1215,  -0.3117,   0.0031, 0
C,  183, SER,  0.0730,  -0.3387,   0.0016, 0
C,  184, GLN,  0.0333,  -0.3609,   0.0007, 0
C,  185, THR,  0.0411,  -0.3566,   0.0008, 0
C,  193, GLU,  0.0252,  -0.3654,   0.0006, 0
C,  194, ALA,  0.0085,  -0.3747,   0.0003, 0
C,  195, VAL,  0.0241,  -0.3660,   0.0005, 0
C,  196, THR,  0.0183,  -0.3693,   0.0005, 0
C,  197, ILE,  0.0785,  -0.3357,   0.0017, 0
C,  198, GLU,  0.0370,  -0.3588,   0.0008, 0
C,  200, ASN,  0.0131,  -0.3721,   0.0004, 0
C,  201, GLU,  0.0729,  -0.3388,   0.0016, 0
C,  202, PRO,  0.0228,  -0.3667,   0.0005, 0
C,  203, VAL,  0.0432,  -0.3554,   0.0009, 0
C,  204, GLN,  0.0472,  -0.3531,   0.0010, 0
C,  205, LEU,  0.0282,  -0.3638,   0.0006, 0
C,  206, THR,  0.0509,  -0.3511,   0.0010, 0
C,  207, PHE,  0.0326,  -0.3613,   0.0007, 0
C,  208, ALA,  0.2160,  -0.2591,   0.0078, 0
C,  209, LEU,  0.0480,  -0.3527,   0.0010, 0
C,  210, ARG,  0.3461,  -0.1866,   0.0181, 0
C,  211, TYR,  0.4117,  -0.1500,   0.0249, 0
C,  212, LEU,  0.0047,  -0.3768,   0.0003, 0
C,  213, ASN,  0.1340,  -0.3048,   0.0036, 0
C,  214, PHE,  0.2221,  -0.2557,   0.0082, 0
C,  215, PHE,  0.0083,  -0.3748,   0.0003, 0
C,  216, THR,  0.0885,  -0.3301,   0.0020, 0
C,  217, LYS,  0.1264,  -0.3090,   0.0033, 0
C,  218, ALA,  0.0299,  -0.3628,   0.0006, 0
C,  219, THR,  0.1417,  -0.3005,   0.0040, 0
C,  220, PRO,  0.1335,  -0.3051,   0.0036, 0
C,  221, LEU,  0.0719,  -0.3394,   0.0015, 0
C,  222, SER,  0.1360,  -0.3036,   0.0037, 0
C,  223, SER,  0.1316,  -0.3061,   0.0035, 0
C,  224, THR,  0.0981,  -0.3248,   0.0023, 0
C,  225, VAL,  0.0187,  -0.3690,   0.0005, 0
C,  226, THR,  0.8582,   0.0989,   0.1048, 0
C,  227, LEU,  0.3734,  -0.1713,   0.0207, 0
C,  228, SER,  1.5167,   0.4660,   0.2873, 0
C,  229, MET,  0.0000,  -0.3795,   0.0002, 0
C,  230, SER,  0.0605,  -0.3458,   0.0012, 0
C,  231, ALA,  0.0910,  -0.3287,   0.0021, 0
C,  232, ASP,  0.0802,  -0.3347,   0.0017, 0
C,  233, VAL,  0.4433,  -0.1323,   0.0286, 0
C,  234, PRO,  0.9640,   0.1579,   0.1315, 0
C,  235, LEU,  0.0819,  -0.3338,   0.0018, 0
C,  236, VAL,  1.5914,   0.5076,   0.3079, 0
C,  237, VAL,  0.0000,  -0.3795,   0.0002, 0
C,  238, GLU,  1.7035,   0.5701,   0.3385, 0
C,  239, TYR,  0.0043,  -0.3771,   0.0003, 0
C,  240, LYS,  0.3992,  -0.1570,   0.0235, 0
C,  241, ILE,  0.0159,  -0.3706,   0.0004, 0
C,  242, ALA,  0.1106,  -0.3178,   0.0027, 0
C,  243, ASP,  0.0941,  -0.3270,   0.0021, 0
C,  244, MET,  0.3549,  -0.1817,   0.0189, 0
C,  245, GLY,  0.2178,  -0.2581,   0.0079, 0
C,  246, HIS,  0.7214,   0.0226,   0.0741, 0
C,  247, LEU,  0.0000,  -0.3795,   0.0002, 0
C,  248, LYS,  1.5801,   0.5013,   0.3048, 0
C,  249, TYR,  0.0000,  -0.3795,   0.0002, 0
C,  250, TYR,  1.6807,   0.5574,   0.3323, 0
C,  251, LEU,  0.2665,  -0.2309,   0.0113, 0
C,  252, ALA,  0.3126,  -0.2052,   0.0150, 0
C,  253, PRO,  0.1818,  -0.2781,   0.0059, 0
C,  254, LYS,  0.2861,  -0.2200,   0.0128, 0
C,  255, ILE,  0.0542,  -0.3492,   0.0011, 0
D,    2, PHE,  3.7673,   1.7204,   0.7161, 1
D,    3, GLU,  0.0798,  -0.3350,   0.0017, 0
D,    4, ALA,  2.1790,   0.8351,   0.4545, 1
D,    5, ARG,  0.1042,  -0.3214,   0.0025, 0
D,    6, LEU,  0.0222,  -0.3671,   0.0005, 0
D,    7, VAL,  0.0245,  -0.3658,   0.0006, 0
D,    8, GLN,  0.0337,  -0.3607,   0.0007, 0
D,    9, GLY,  0.0001,  -0.3794,   0.0002, 0
D,   10, SER,  0.0394,  -0.3575,   0.0008, 0
D,   11, ILE,  0.0323,  -0.3615,   0.0007, 0
D,   12, LEU,  2.2565,   0.8783,   0.4716, 1
D,   13, LYS,  0.0576,  -0.3473,   0.0012, 0
D,   14, LYS,  0.0849,  -0.3321,   0.0019, 0
D,   15, VAL,  0.0207,  -0.3679,   0.0005, 0
D,   16, LEU,  0.0000,  -0.3795,   0.0002, 0
D,   17, GLU,  0.0733,  -0.3386,   0.0016, 0
D,   18, ALA,  0.0295,  -0.3630,   0.0006, 0
D,   19, LEU,  0.0000,  -0.3795,   0.0002, 0
D,   20, LYS,  0.0423,  -0.3559,   0.0009, 0
D,   21, ASP,  0.0938,  -0.3272,   0.0021, 0
D,   22, LEU,  0.0685,  -0.3413,   0.0014, 0
D,   23, ILE,  0.0287,  -0.3635,   0.0006, 0
D,   24, ASN,  0.0424,  -0.3558,   0.0009, 0
D,   25, GLU,  0.1196,  -0.3128,   0.0030, 0
D,   26, ALA,  0.0560,  -0.3482,   0.0011, 0
D,   27, CYS,  0.1976,  -0.2693,   0.0067, 0
D,   28, TRP,  3.6894,   1.6770,   0.7070, 1
D,   29, ASP,  0.2107,  -0.2620,   0.0075, 0
D,   30, ILE,  3.5603,   1.6051,   0.6909, 1
D,   31, SER,  0.1355,  -0.3039,   0.0037, 0
D,   32, SER,  0.1463,  -0.2979,   0.0042, 0
D,   33, SER,  0.1839,  -0.2770,   0.0060, 0
D,   34, GLY,  0.1629,  -0.2886,   0.0049, 0
D,   35, VAL,  3.8586,   1.7713,   0.7267, 1
D,   36, ASN,  0.3686,  -0.1740,   0.0203, 0
D,   37, LEU,  0.0253,  -0.3654,   0.0006, 0
D,   38, GLN,  0.3741,  -0.1710,   0.0208, 0
D,   39, SER,  0.3164,  -0.2031,   0.0154, 0
D,   40, MET,  0.8891,   0.1161,   0.1124, 0
D,   41, ASP,  0.2165,  -0.2588,   0.0078, 0
D,   42, SER,  0.1501,  -0.2958,   0.0043, 0
D,   43, SER,  0.2014,  -0.2672,   0.0069, 0
D,   44, HIS,  0.2788,  -0.2241,   0.0122, 0
D,   45, VAL,  0.5668,  -0.0635,   0.0459, 0
D,   46, SER,  0.4418,  -0.1332,   0.0284, 0
D,   47, LEU,  0.7924,   0.0622,   0.0895, 0
D,   48, VAL,  0.0000,  -0.3795,   0.0002, 0
D,   49, GLN,  0.4352,  -0.1369,   0.0277, 0
D,   50, LEU,  0.5079,  -0.0963,   0.0370, 0
D,   51, THR,  0.7445,   0.0355,   0.0789, 0
D,   52, LEU,  2.3126,   0.9096,   0.4834, 1
D,   53, ARG,  0.3563,  -0.1808,   0.0191, 0
D,   54, SER,  0.0935,  -0.3274,   0.0021, 0
D,   55, GLU,  0.0300,  -0.3627,   0.0006, 0
D,   56, GLY,  0.0153,  -0.3709,   0.0004, 0
D,   57, PHE,  2.1796,   0.8354,   0.4546, 1
D,   58, ASP,  0.0626,  -0.3446,   0.0013, 0
D,   59, THR,  0.1015,  -0.3229,   0.0024, 0
D,   60, TYR,  0.2398,  -0.2458,   0.0094, 0
D,   61, ARG,  0.2349,  -0.2485,   0.0091, 0
D,   62, CYS,  0.0855,  -0.3318,   0.0019, 0
D,   63, ASP,  0.1549,  -0.2931,   0.0045, 0
D,   64, ARG,  0.0912,  -0.3286,   0.0021, 0
D,   65, ASN,  0.1056,  -0.3206,   0.0025, 0
D,   66, LEU,  0.3664,  -0.1752,   0.0200, 0
D,   67, ALA,  0.4875,  -0.1077,   0.0342, 0
D,   68, MET,  2.3218,   0.9147,   0.4853, 1
D,   69, GLY,  0.3185,  -0.2020,   0.0155, 0
D,   70, VAL,  1.2597,   0.3227,   0.2134, 0
D,   71, ASN,  0.0661,  -0.3426,   0.0014, 0
D,   72, LEU,  0.0009,  -0.3790,   0.0002, 0
D,   73, THR,  0.0324,  -0.3614,   0.0007, 0
D,   74, SER,  0.0463,  -0.3537,   0.0009, 0
D,   75, MET,  3.1889,   1.3980,   0.6399, 0
D,   76, SER,  0.0342,  -0.3604,   0.0007, 0
D,   77, LYS,  0.1935,  -0.2716,   0.0065, 0
D,   78, ILE,  0.1577,  -0.2916,   0.0047, 0
D,   79, LEU,  0.0063,  -0.3759,   0.0003, 0
D,   80, LYS,  0.1263,  -0.3091,   0.0033, 0
D,   81, CYS,  0.4621,  -0.1219,   0.0309, 0
D,   82, ALA,  0.2480,  -0.2412,   0.0100, 0
D,   83, GLY,  0.1683,  -0.2857,   0.0052, 0
D,   84, ASN,  0.1341,  -0.3047,   0.0036, 0
D,   85, GLU,  0.0602,  -0.3459,   0.0012, 0
D,   86, ASP,  0.2211,  -0.2562,   0.0081, 0
D,   87, ILE,  0.0353,  -0.3598,   0.0007, 0
D,   88, ILE,  0.0000,  -0.3795,   0.0002, 0
D,   89, THR,  0.0581,  -0.3471,   0.0012, 0
D,   90, LEU,  3.7000,   1.6829,   0.7082, 1
D,   91, ARG,  0.0530,  -0.3499,   0.0011, 0
D,   92, ALA,  0.0952,  -0.3264,   0.0022, 0
D,   93, GLU,  0.1128,  -0.3166,   0.0028, 0
D,   94, ASP,  0.1203,  -0.3124,   0.0031, 0
D,   95, ASN,  0.2807,  -0.2230,   0.0124, 0
D,   96, ALA,  0.3096,  -0.2069,   0.0148, 0
D,   97, ASP,  0.2420,  -0.2446,   0.0096, 0
D,   98, THR,  0.0103,  -0.3737,   0.0004, 0
D,   99, LEU,  2.0087,   0.7402,   0.4155, 1
D,  100, ALA,  0.0119,  -0.3728,   0.0004, 0
D,  101, LEU,  0.0039,  -0.3773,   0.0003, 0
D,  102, VAL,  0.0246,  -0.3658,   0.0006, 0
D,  103, PHE,  0.1222,  -0.3113,   0.0031, 0
D,  104, GLU,  0.0711,  -0.3398,   0.0015, 0
D,  105, ALA,  0.1099,  -0.3182,   0.0027, 0
D,  107, ASN,  0.0298,  -0.3628,   0.0006, 0
D,  108, GLN,  0.0854,  -0.3319,   0.0019, 0
D,  109, GLU,  0.0187,  -0.3690,   0.0005, 0
D,  110, LYS,  0.2700,  -0.2290,   0.0116, 0
D,  111, VAL,  0.0272,  -0.3643,   0.0006, 0
D,  112, SER,  0.1915,  -0.2727,   0.0064, 0
D,  113, ASP,  0.0411,  -0.3565,   0.0008, 0
D,  114, TYR,  0.3170,  -0.2027,   0.0154, 0
D,  115, GLU,  0.0210,  -0.3677,   0.0005, 0
D,  116, MET,  0.0201,  -0.3683,   0.0005, 0
D,  117, LYS,  0.0321,  -0.3616,   0.0007, 0
D,  118, LEU,  0.3097,  -0.2068,   0.0148, 0
D,  119, MET,  0.1425,  -0.3000,   0.0040, 0
D,  120, ASP,  0.0742,  -0.3381,   0.0016, 0
D,  121, LEU,  0.2305,  -0.2510,   0.0088, 0
D,  122, ASP,  0.1421,  -0.3003,   0.0040, 0
D,  123, VAL,  0.4566,  -0.1250,   0.0302, 0
D,  124, GLU,  0.1925,  -0.2722,   0.0064, 0
D,  125, GLN,  0.1836,  -0.2771,   0.0059, 0
D,  126, LEU,  0.4563,  -0.1251,   0.0302, 0
D,  127, GLY,  0.0906,  -0.3289,   0.0020, 0
D,  128, ILE,  0.7222,   0.0231,   0.0743, 7
D,  129, PRO,  0.2585,  -0.2354,   0.0107, 7
D,  130, GLU,  0.0759,  -0.3371,   0.0016, 7
D,  131, GLN,  0.2398,  -0.2458,   0.0094, 7
D,  132, GLU,  0.0350,  -0.3599,   0.0007, 0
D,  133, TYR,  0.3268,  -0.1973,   0.0163, 7
D,  134, SER,  0.0304,  -0.3625,   0.0006, 0
D,  135, CYS,  0.0084,  -0.3748,   0.0003, 0
D,  136, VAL,  0.1851,  -0.2763,   0.0060, 0
D,  137, VAL,  0.0104,  -0.3737,   0.0004, 0
D,  138, LYS,  0.1492,  -0.2963,   0.0043, 0
D,  139, MET,  0.1935,  -0.2716,   0.0065, 0
D,  140, PRO,  0.2593,  -0.2349,   0.0108, 0
D,  141, SER,  0.1118,  -0.3171,   0.0028, 0
D,  142, GLY,  0.1071,  -0.3197,   0.0026, 0
D,  143, GLU,  0.2610,  -0.2340,   0.0109, 0
D,  144, PHE,  0.6624,  -0.0103,   0.0623, 0
D,  145, ALA,  0.0810,  -0.3343,   0.0018, 0
D,  146, ARG,  0.0748,  -0.3378,   0.0016, 0
D,  147, ILE,  0.5443,  -0.0761,   0.0424, 0
D,  148, CYS,  0.3772,  -0.1692,   0.0211, 0
D,  149, ARG,  0.5472,  -0.0745,   0.0429, 0
D,  150, ASP,  0.0377,  -0.3584,   0.0008, 0
D,  151, LEU,  0.4022,  -0.1553,   0.0238, 0
D,  152, SER,  0.0417,  -0.3562,   0.0008, 0
D,  153, HIS,  0.0668,  -0.3422,   0.0014, 0
D,  154, ILE,  0.0577,  -0.3473,   0.0012, 0
D,  156, ASP,  0.0576,  -0.3474,   0.0012, 0
D,  157, ALA,  0.0553,  -0.3486,   0.0011, 0
D,  158, VAL,  0.5791,  -0.0567,   0.0479, 0
D,  159, VAL,  0.0776,  -0.3362,   0.0017, 0
D,  160, ILE,  0.5610,  -0.0668,   0.0450, 0
D,  161, SER,  0.1210,  -0.3120,   0.0031, 0
D,  162, CYS,  0.1109,  -0.3177,   0.0027, 0
D,  163, ALA,  0.1187,  -0.3133,   0.0030, 0
D,  164, LYS,  0.0704,  -0.3402,   0.0015, 0
D,  167, VAL,  0.0847,  -0.3322,   0.0019, 0
D,  168, LYS,  0.1661,  -0.2869,   0.0051, 0
D,  169, PHE,  0.6289,  -0.0289,   0.0563, 0
D,  170, SER,  0.0535,  -0.3497,   0.0011, 0
D,  171, ALA,  0.0545,  -0.3491,   0.0011, 0
D,  172, SER,  0.0464,  -0.3536,   0.0009, 0
D,  173, GLY,  0.0063,  -0.3760,   0.0003, 0
D,  174, GLU,  0.0113,  -0.3732,   0.0004, 0
D,  175, LEU,  0.0279,  -0.3639,   0.0006, 0
D,  176, GLY,  0.0129,  -0.3722,   0.0004, 0
D,  177, ASN,  0.0676,  -0.3418,   0.0014, 0
D,  178, GLY,  0.0447,  -0.3545,   0.0009, 0
D,  179, ASN,  0.0898,  -0.3294,   0.0020, 0
D,  180, ILE,  0.0641,  -0.3437,   0.0013, 0
D,  181, LYS,  0.2168,  -0.2586,   0.0079, 0
D,  182, LEU,  0.3012,  -0.2116,   0.0141, 0
D,  183, SER,  0.1239,  -0.3104,   0.0032, 0
D,  184, GLN,  0.0096,  -0.3741,   0.0003, 0
D,  193, GLU,  0.0318,  -0.3618,   0.0007, 0
D,  194, ALA,  0.0948,  -0.3266,   0.0022, 0
D,  195, VAL,  0.2078,  -0.2636,   0.0073, 0
D,  196, THR,  0.0356,  -0.3596,   0.0007, 0
D,  197, ILE,  0.0078,  -0.3751,   0.0003, 0
D,  198, GLU,  0.0248,  -0.3656,   0.0006, 0
D,  199, MET,  0.0324,  -0.3614,   0.0007, 0
D,  200, ASN,  0.0337,  -0.3606,   0.0007, 0
D,  201, GLU,  0.0155,  -0.3708,   0.0004, 0
D,  202, PRO,  0.0274,  -0.3642,   0.0006, 0
D,  203, VAL,  0.0271,  -0.3644,   0.0006, 0
D,  204, GLN,  0.0520,  -0.3505,   0.0011, 0
D,  205, LEU,  0.0269,  -0.3645,   0.0006, 0
D,  206, THR,  0.1064,  -0.3202,   0.0026, 0
D,  207, PHE,  0.2890,  -0.2184,   0.0131, 0
D,  208, ALA,  0.2095,  -0.2627,   0.0074, 0
D,  209, LEU,  0.4080,  -0.1521,   0.0244, 0
D,  210, ARG,  0.3150,  -0.2039,   0.0152, 0
D,  211, TYR,  0.3387,  -0.1907,   0.0174, 0
D,  212, LEU,  0.5559,  -0.0696,   0.0442, 0
D,  213, ASN,  0.0804,  -0.3347,   0.0017, 0
D,  214, PHE,  0.1545,  -0.2934,   0.0045, 0
D,  215, PHE,  0.0002,  -0.3794,   0.0002, 0
D,  216, THR,  0.1049,  -0.3210,   0.0025, 0
D,  217, LYS,  0.1541,  -0.2936,   0.0045, 0
D,  218, ALA,  0.0513,  -0.3509,   0.0010, 0
D,  219, THR,  0.1819,  -0.2780,   0.0059, 0
D,  220, PRO,  0.1324,  -0.3057,   0.0036, 0
D,  221, LEU,  0.0580,  -0.3472,   0.0012, 0
D,  222, SER,  0.1739,  -0.2826,   0.0054, 0
D,  223, SER,  0.1499,  -0.2959,   0.0043, 0
D,  224, THR,  0.1359,  -0.3037,   0.0037, 0
D,  225, VAL,  0.0341,  -0.3604,   0.0007, 0
D,  226, THR,  0.2572,  -0.2361,   0.0106, 0
D,  227, LEU,  0.1956,  -0.2704,   0.0066, 0
D,  228, SER,  0.2854,  -0.2204,   0.0128, 7
D,  229, MET,  0.1926,  -0.2721,   0.0064, 0
D,  230, SER,  0.0231,  -0.3666,   0.0005, 0
D,  231, ALA,  0.0363,  -0.3592,   0.0007, 0
D,  232, ASP,  0.0428,  -0.3556,   0.0009, 0
D,  233, VAL,  0.1972,  -0.2695,   0.0067, 0
D,  234, PRO,  0.7847,   0.0579,   0.0877, 0
D,  235, LEU,  0.2656,  -0.2314,   0.0112, 0
D,  236, VAL,  0.2141,  -0.2601,   0.0077, 7
D,  237, VAL,  0.1842,  -0.2768,   0.0060, 0
D,  238, GLU,  0.5233,  -0.0878,   0.0393, 7
D,  239, TYR,  0.0159,  -0.3706,   0.0004, 0
D,  240, LYS,  0.4195,  -0.1456,   0.0258, 0
D,  241, ILE,  0.0225,  -0.3669,   0.0005, 0
D,  242, ALA,  0.0427,  -0.3556,   0.0009, 0
D,  243, ASP,  0.0369,  -0.3589,   0.0008, 0
D,  244, MET,  0.2044,  -0.2656,   0.0071, 0
D,  245, GLY,  0.2518,  -0.2391,   0.0102, 0
D,  246, HIS,  0.7937,   0.0630,   0.0898, 0
D,  247, LEU,  0.0000,  -0.3795,   0.0002, 0
D,  248, LYS,  0.5975,  -0.0464,   0.0509, 7
D,  249, TYR,  0.0000,  -0.3795,   0.0002, 0
D,  250, TYR,  1.1149,   0.2420,   0.1724, 7
D,  251, LEU,  0.5372,  -0.0800,   0.0414, 0
D,  252, ALA,  0.3952,  -0.1592,   0.0230, 0
D,  253, PRO,  0.2036,  -0.2660,   0.0071, 0
D,  254, LYS,  0.2501,  -0.2401,   0.0101, 0
D,  255, ILE,  0.0607,  -0.3456,   0.0013, 0
